<DOMDocument xmlns:xsi="http://www.w3.org/2001/XMLSchema-instance" xmlns="http://ns.adobe.com/xfl/2008/" currentTimeline="1" xflVersion="2.96" creatorInfo="Adobe Animate CC" platform="Windows" versionInfo="Saved by Animate Windows 18.0 build 115" majorVersion="18" buildNumber="115" nextSceneIdentifier="2" playOptionsPlayLoop="false" playOptionsPlayPages="false" playOptionsPlayFrameActions="false" filetypeGUID="3CE50BB6-55CF-47A6-B591-01286DDDC64C" fileGUID="56148CE10DB86049A5424705223DAA33">
     <media>
          <DOMBitmapItem name="circle.png" itemID="5a8ff47b-00000246" sourceLastImported="1519785692" externalFileSize="2488" allowSmoothing="true" useImportedJPEGData="false" compressionType="lossless" originalCompressionType="lossless" quality="50" href="circle.png" bitmapDataHRef="M 23 1519383666.dat" frameRight="3820" frameBottom="3820"/>
          <DOMBitmapItem name="rect.png" itemID="5a8ff459-00000238" sourceLastImported="1519785692" externalFileSize="361" allowSmoothing="true" useImportedJPEGData="false" compressionType="lossless" originalCompressionType="lossless" quality="50" href="rect.png" bitmapDataHRef="M 21 1519383630.dat" frameRight="2420" frameBottom="2420"/>
          <DOMBitmapItem name="triangle.png" itemID="5a8ff46e-0000023f" sourceLastImported="1519785692" externalFileSize="1836" allowSmoothing="true" useImportedJPEGData="false" compressionType="lossless" originalCompressionType="lossless" quality="50" href="triangle.png" bitmapDataHRef="M 22 1519383649.dat" frameRight="3620" frameBottom="3140"/>
     </media>
     <symbols>
          <Include href="cycle_mc.xml" loadImmediate="false" itemID="5a9384f6-00000108" lastModified="1519617270"/>
          <Include href="rect_mc.xml" loadImmediate="false" itemID="5a9384df-000000fd" lastModified="1519617247"/>
          <Include href="triangle_mc.xml" loadImmediate="false" itemID="5a9384e8-00000103" lastModified="1519617256"/>
     </symbols>
     <timelines>
          <DOMTimeline name="シーン 1">
               <layers>
                    <DOMLayer name="レイヤー_1" color="#00FFFF" current="true" isSelected="true">
                         <frames>
                              <DOMFrame index="0" keyMode="9728">
                                   <elements>
                                        <DOMSymbolInstance libraryItemName="rect_mc">
                                             <matrix>
                                                  <Matrix tx="74" ty="32"/>
                                             </matrix>
                                             <transformationPoint>
                                                  <Point x="60.5" y="60.5"/>
                                             </transformationPoint>
                                        </DOMSymbolInstance>
                                        <DOMSymbolInstance libraryItemName="triangle_mc">
                                             <matrix>
                                                  <Matrix tx="282" ty="72"/>
                                             </matrix>
                                             <transformationPoint>
                                                  <Point x="90.5" y="78.5"/>
                                             </transformationPoint>
                                        </DOMSymbolInstance>
                                        <DOMSymbolInstance libraryItemName="cycle_mc">
                                             <matrix>
                                                  <Matrix tx="83" ty="198"/>
                                             </matrix>
                                             <transformationPoint>
                                                  <Point x="95.5" y="95.5"/>
                                             </transformationPoint>
                                        </DOMSymbolInstance>
                                   </elements>
                              </DOMFrame>
                         </frames>
                    </DOMLayer>
               </layers>
          </DOMTimeline>
     </timelines>
     <scripts>
          <GlobalScripts language="Javascript"/>
     </scripts>
     <persistentData>
          <PD n="cjsSupporter_data" v='{"ssList":[{"path":"../rect-triangle.json","status":200},{"path":"","status":0}],"targetPath":"../sample_01.js"}'/>
          <PD n="CreateJSToolkit_timelinedata" v="version&#xA;0.1&#xA;loop&#xA;true"/>
     </persistentData>
     <PrinterSettings/>
     <publishHistory/>
</DOMDocument>